Name,Address,City,State,Zip,Phone,Email,Latitude,Longitude,Timezone,Price,SlotMinutes,Capacity,Active,Notes,MondayOpen,MondayClose,TuesdayOpen,TuesdayClose,WednesdayOpen,WednesdayClose,ThursdayOpen,ThursdayClose,FridayOpen,FridayClose,SaturdayOpen,SaturdayClose,SundayOpen,SundayClose
Bauer Hockey XP #97,758 American Blvd. W,Bloomington,MN,55420,612-915-0790,bloomington@purehockey.com,44.859526507939,-93.290969300564,America/Chicago,10.00,15,2,yes,,11:00,19:00,11:00,19:00,11:00,19:00,11:00,19:00,11:00,19:00,09:00,18:00,10:00,17:00
Pure Hockey #101,11010 North Port Washington Rd,Mequon,WI,53092,262-518-0685,mequon@purehockey.com,43.218805923883,-87.923885346877,America/Chicago,10.00,15,2,yes,,11:00,19:00,11:00,19:00,11:00,19:00,11:00,19:00,11:00,19:00,09:00,18:00,10:00,17:00
Pure Hockey #102,25629 Sierra Center Boulevard,Lutz,FL,33559,813-949-8633,tampa@purehockey.com,28.195175804014,-82.393369145315,America/New_York,10.00,15,2,yes,,11:00,19:00,11:00,19:00,11:00,19:00,11:00,19:00,11:00,19:00,09:00,18:00,10:00,17:00
Pure Hockey #103,"750 Casino Center Drive, Suite 600",Maryland Heights,MO,63043,314-395-1726,marylandheights@purehockey.com,38.746592162464,-90.476571736463,America/Chicago,10.00,15,2,yes,,11:00,19:00,11:00,19:00,11:00,19:00,11:00,19:00,11:00,19:00,09:00,18:00,10:00,17:00
Pure Hockey #104,3225 Alderwood Mall Blvd. Unit A,Lynnwood,WA,98036,425-835-0131,lynnwood@purehockey.com,47.823370505714,-122.276530155138,America/Los_Angeles,10.00,15,2,yes,,11:00,19:00,11:00,19:00,11:00,19:00,11:00,19:00,11:00,19:00,09:00,18:00,10:00,17:00
Pure Hockey #106,1557 New Britain Ave,West Hartford,CT,0 6110,959-206-2573,farmington@purehockey.com,41.720745691911,-72.761178250571,America/New_York,10.00,15,2,yes,,11:00,19:00,11:00,19:00,11:00,19:00,11:00,19:00,11:00,19:00,09:00,18:00,10:00,17:00
Pure Hockey #107,"1144 Los Vallecitos Blvd, Unit D",San Marcos,CA,92069,442-515-3050,SanMarcos@purehockey.com,33.14208249831,-117.187229757916,America/Los_Angeles,10.00,15,2,yes,,11:00,19:00,11:00,19:00,11:00,19:00,11:00,19:00,11:00,19:00,09:00,18:00,10:00,17:00
Pure Hockey #108,7150 Valley Creek Plaza Unit 206,Woodbury,MN,55125,651-493-8439,woodbury@purehockey.com,44.927955800896,-92.962477447579,America/Chicago,10.00,15,2,yes,,11:00,19:00,11:00,19:00,11:00,19:00,11:00,19:00,11:00,19:00,09:00,18:00,10:00,17:00
Pure Hockey #109,2541 Maple Grove Rd,Duluth,MN,55811,218-727-3018,duluth@purehockey.com,46.807636416601,-92.173122130557,America/Chicago,10.00,15,2,yes,,11:00,19:00,11:00,19:00,11:00,19:00,11:00,19:00,11:00,19:00,09:00,18:00,10:00,17:00
Pure Hockey #114,2588 Washington Rd.,Canonsburg,PA,15317,724-745-5801,Canonsburg@purehockey.com,40.2588173,-80.1867206,America/New_York,10.00,15,2,yes,,11:00,19:00,11:00,19:00,11:00,19:00,11:00,19:00,11:00,19:00,09:00,18:00,10:00,17:00
Pure Hockey #115,960 N. Federal Highway Suite A2,Pompano Beach,FL,33062,754-307-1890,pompano@purehockey.com,26.2378597,-80.1247667,America/New_York,10.00,15,2,yes,,11:00,19:00,11:00,19:00,11:00,19:00,11:00,19:00,11:00,19:00,09:00,18:00,10:00,17:00
Pure Hockey #116,606 Commons Drive,Geneva,IL,60134,331-248-0803,geneva@purehockey.com,41.8934415,-88.3436069,America/Chicago,10.00,15,2,yes,,11:00,19:00,11:00,19:00,11:00,19:00,11:00,19:00,11:00,19:00,09:00,18:00,10:00,17:00
Pure Hockey #117,261 Indian Lake Blvd.,Hendersonville,TN,37075,615-447-5456,hendersonville@purehockey.com,36.326094058915,-86.596118512324,America/Chicago,10.00,15,2,yes,,11:00,19:00,11:00,19:00,11:00,19:00,11:00,19:00,11:00,19:00,09:00,18:00,10:00,17:00
Pure Hockey #118,2956 E. Southlake Blvd. Unit 18A,Southlake,TX,76092,817-993-5025,southlake@purehockey.com,32.938253874901,-97.10582069826,America/Chicago,10.00,15,2,yes,,11:00,19:00,11:00,19:00,11:00,19:00,11:00,19:00,11:00,19:00,09:00,18:00,10:00,17:00
Pure Hockey #119,"3470 William Penn HWY, Suite 800",Monroeville,PA,15235,412-564-5135,monroeville@purehockey.com,40.4335167,-79.7606192,America/New_York,10.00,15,2,yes,,11:00,19:00,11:00,19:00,11:00,19:00,11:00,19:00,11:00,19:00,09:00,18:00,10:00,17:00
Pure Hockey #125,2480 Route 22 East,Kenilworth,NJ,0 7033,908-349-8804,kenilworth@purehockey.com,40.6771374,-74.2870715,America/New_York,10.00,15,2,yes,,11:00,19:00,11:00,19:00,11:00,19:00,11:00,19:00,11:00,19:00,09:00,18:00,10:00,17:00
Pure Hockey #126,301 Tukwila Parkway unit B,Tukwila,WA,98188,206-327-9424,tukwila@purehockey.com,47.461384894101,-122.254285469585,America/Los_Angeles,10.00,15,2,yes,,11:00,19:00,11:00,19:00,11:00,19:00,11:00,19:00,11:00,19:00,09:00,18:00,10:00,17:00
Pure Hockey #127,2007 E GREYHOUND PASS,Carmel,IN,46033,317-669-2154,carmel@purehockey.com,40.002352686581,-86.122700624732,America/Indiana/Indianapolis,10.00,15,2,yes,,11:00,19:00,11:00,19:00,11:00,19:00,11:00,19:00,11:00,19:00,09:00,18:00,10:00,17:00
Pure Hockey #128,2720 Sawmill Pl Blvd,Columbus,OH,43235,614-389-0202,columbus@purehockey.com,40.099533220895,-83.089155430191,America/New_York,10.00,15,2,yes,,11:00,19:00,11:00,19:00,11:00,19:00,11:00,19:00,11:00,19:00,09:00,18:00,10:00,17:00
Pure Hockey #129,6505 Mayfield Rd,Mayfield Heights,OH,44124,440-459-1366,mayfieldheights@purehockey.com,41.520171237567,-81.440428778835,America/New_York,10.00,15,2,yes,,11:00,19:00,11:00,19:00,11:00,19:00,11:00,19:00,11:00,19:00,09:00,18:00,10:00,17:00
Pure Hockey #133,6751-A Frontier Dr,Springfield,VA,22150,571-347-7971,springfieldva@purehockey.com,38.77086217269,-77.170820062039,America/New_York,10.00,15,2,yes,,11:00,19:00,11:00,19:00,11:00,19:00,11:00,19:00,11:00,19:00,09:00,18:00,10:00,17:00
Pure Hockey #134,5031 Wagon Trail Ave #106,Las Vegas,NV,89118,702-381-4886,vegas@purehockey.com,36.069801139693,-115.209256011054,America/Los_Angeles,10.00,15,2,yes,,11:00,19:00,11:00,19:00,11:00,19:00,11:00,19:00,11:00,19:00,09:00,18:00,10:00,17:00
Pure Hockey #136,2108 Village Market Place,Morrisville,NC,27560,919-481-4475,cary@purehockey.com,35.807175993873,-78.818018402503,America/New_York,10.00,15,2,yes,,11:00,19:00,11:00,19:00,11:00,19:00,11:00,19:00,11:00,19:00,09:00,18:00,10:00,17:00
Pure Hockey #137,"1839 S. Main Street, Suite 120",Wake Forest,NC,27587,919-453-1508,wakeforest@purehockey.com,35.952783399743,-78.527548605515,America/New_York,10.00,15,2,yes,,13:00,20:00,13:00,20:00,13:00,20:00,13:00,20:00,13:00,20:00,09:00,18:00,09:00,18:00
Pure Hockey #138,111 Competition Ctr. Dr.,Morrisville,NC,27560,919-646-5401,morrisville@purehockey.com,35.8436279,-78.8177807,America/New_York,10.00,15,2,yes,,13:00,20:00,13:00,20:00,13:00,20:00,13:00,20:00,13:00,20:00,09:00,18:00,09:00,18:00
Pure Hockey #139,724 3rd St South,Waite Park,MN,56387,320-251-7012,waitepark@purehockey.com,45.548009346247,-94.225792455903,America/Chicago,10.00,15,2,yes,,11:00,19:00,11:00,19:00,11:00,19:00,11:00,19:00,11:00,19:00,09:00,18:00,10:00,17:00
Pure Hockey #142,7220 West Lake Mead Blvd.,Las Vegas,NV,89128,702-665-4387,store@purehockey.com,36.196106519813,-115.249584955786,America/Los_Angeles,10.00,15,2,yes,,11:00,19:00,11:00,19:00,11:00,19:00,11:00,19:00,11:00,19:00,09:00,18:00,10:00,17:00
Pure Hockey #146,710 Holcomb Bridge Rd. Ste 100,Roswell,GA,30076,770-992-8819,roswell@purehockey.com,34.031881364425,-84.33966684716,America/New_York,10.00,15,2,yes,,11:00,19:00,11:00,19:00,11:00,19:00,11:00,19:00,11:00,19:00,09:00,18:00,10:00,17:00
Pure Hockey #147,8666E. Shea Blvd. Suite 150,Scottsdale,AZ,85260,480-998-1260,scottsdale@purehockey.com,33.582072033856,-111.894668018409,America/Phoenix,10.00,15,2,yes,,11:00,19:00,11:00,19:00,11:00,19:00,11:00,19:00,11:00,19:00,09:00,18:00,10:00,17:00
Pure Hockey #148,"15829 N. 83rd Ave., Suite 101",Peoria,AZ,85382,623-412-3377,peoria@purehockey.com,33.626832358992,-112.237357336301,America/Phoenix,10.00,15,2,yes,,13:00,20:00,13:00,20:00,13:00,20:00,13:00,20:00,13:00,20:00,09:00,18:00,09:00,18:00
Pure Hockey #149,2305 E. Knox Rd,Gilbert,AZ,85296,480-785-5941,gilbert@purehockey.com,33.328367219582,-111.741041456689,America/Phoenix,10.00,15,2,yes,,13:00,20:00,13:00,20:00,13:00,20:00,13:00,20:00,13:00,20:00,09:00,18:00,09:00,18:00
Pure Hockey #154,8020 Douglas Ave,Urbandale,IA,50322,515-331-2659,urbandale@purehockey.com,41.629111333428,-93.728389928577,America/Chicago,10.00,15,2,yes,,11:00,19:00,11:00,19:00,11:00,19:00,11:00,19:00,11:00,19:00,09:00,18:00,10:00,17:00
Pure Hockey #155,25252 McIntyre St. Suite C,Laguna Hills,CA,92653,949-446-9103,laguna@purehockey.com,33.595252336706,-117.679427155446,America/Los_Angeles,10.00,15,2,yes,,11:00,19:00,11:00,19:00,11:00,19:00,11:00,19:00,11:00,19:00,09:00,18:00,10:00,17:00
Pure Hockey #158,360 32nd Ave. W,West Fargo,ND,58078,701-532-0646,westfargo@purehockey.com,46.833570784133,-96.907276464602,America/Chicago,10.00,15,2,yes,,11:00,19:00,11:00,19:00,11:00,19:00,11:00,19:00,11:00,19:00,09:00,18:00,10:00,17:00
Pure Hockey #19,134 E. Main Street Suite #6,Smithtown,NY,11787,631-982-9440,smithtown@purehockey.com,40.855998014181,-73.18930380182,America/New_York,10.00,15,2,yes,,11:00,19:00,11:00,19:00,11:00,19:00,11:00,19:00,11:00,19:00,09:00,18:00,10:00,17:00
Pure Hockey #24,220 Wood Road,Braintree,MA,0 2184,781-794-2910,braintree@purehockey.com,42.220659580979,-71.037893932788,America/New_York,10.00,15,2,yes,,11:00,19:00,11:00,19:00,11:00,19:00,11:00,19:00,11:00,19:00,09:00,18:00,10:00,17:00
Pure Hockey #27,187 Summer Street,Kingston,MA,0 2364,781-582-1329,kingston@purehockey.com,42.010938866266,-70.731955730629,America/New_York,10.00,15,2,yes,,11:00,19:00,11:00,19:00,11:00,19:00,11:00,19:00,11:00,19:00,09:00,18:00,10:00,17:00
Pure Hockey #28,1800 Post Road,Warwick,RI,0 2886,401-732-3914,warwick@purehockey.com,41.732115727005,-71.436572343342,America/New_York,10.00,15,2,yes,,11:00,19:00,11:00,19:00,11:00,19:00,11:00,19:00,11:00,19:00,09:00,18:00,10:00,17:00
Pure Hockey #29,739 Donald Lynch Blvd,Marlborough,MA,0 1752,508-460-0306,marlborough@purehockey.com,42.350978993135,-71.618499393128,America/New_York,10.00,15,2,yes,,11:00,19:00,11:00,19:00,11:00,19:00,11:00,19:00,11:00,19:00,09:00,18:00,10:00,17:00
Pure Hockey #30,"6 Wayside Rd., Unit 6A-1",Burlington,MA,0 1803,781-365-1664,burlington@purehockey.com,42.484756192915,-71.193096797986,America/New_York,10.00,15,2,yes,,11:00,19:00,11:00,19:00,11:00,19:00,11:00,19:00,11:00,19:00,09:00,18:00,10:00,17:00
Pure Hockey #31,127 West Lincoln Highway,Exton,PA,19341,484-879-6764,exton@purehockey.com,40.029396,-75.6322025,America/New_York,10.00,15,2,yes,,11:00,19:00,11:00,19:00,11:00,19:00,11:00,19:00,11:00,19:00,09:00,18:00,10:00,17:00
Pure Hockey #32,782 Bethlehem Pike,North Wales,PA,19454,215-855-8710,northwales@purehockey.com,40.2396933,-75.2444844,America/New_York,10.00,15,2,yes,,11:00,19:00,11:00,19:00,11:00,19:00,11:00,19:00,11:00,19:00,09:00,18:00,10:00,17:00
Pure Hockey #33,"139 Endicott Street, Unit B-2",Danvers,MA,0 1923,978-750-6030,danvers@purehockey.com,42.549495181884,-70.93330415892,America/New_York,10.00,15,2,yes,,11:00,19:00,11:00,19:00,11:00,19:00,11:00,19:00,11:00,19:00,09:00,18:00,10:00,17:00
Pure Hockey #34,70 Salem Street,Medford,MA,0 2155,781-306-0278,Medfordsquare@purehockey.com,42.41860659058,-71.10726692806,America/New_York,10.00,15,2,yes,,11:00,19:00,11:00,19:00,11:00,19:00,11:00,19:00,11:00,19:00,09:00,18:00,10:00,17:00
Pure Hockey #36,"2690 East County Line Road, Suite A",Littleton,CO,80126,303-738-9784,littleton@purehockey.com,39.566064864835,-104.957061121028,America/Denver,10.00,15,2,yes,,11:00,19:00,11:00,19:00,11:00,19:00,11:00,19:00,11:00,19:00,09:00,18:00,10:00,17:00
Pure Hockey #37,"9979 Wadsworth Parkway, Suite 400",Westminster,CO,80021,303-428-6709,westminster@purehockey.com,39.877520930674,-105.095723120946,America/Denver,10.00,15,2,yes,,11:00,19:00,11:00,19:00,11:00,19:00,11:00,19:00,11:00,19:00,09:00,18:00,10:00,17:00
Pure Hockey #40,1299 Highland Avenue,Needham,MA,0 2492,781-444-5356,needham@purehockey.com,42.284141722239,-71.236142547672,America/New_York,10.00,15,2,yes,,11:00,19:00,11:00,19:00,11:00,19:00,11:00,19:00,11:00,19:00,09:00,18:00,10:00,17:00
Pure Hockey #41,43111 Crescent Blvd,Novi,MI,48375,248-344-1061,novi@purehockey.com,42.484445657134,-83.473817442142,America/Detroit,10.00,15,2,yes,,11:00,19:00,11:00,19:00,11:00,19:00,11:00,19:00,11:00,19:00,09:00,18:00,10:00,17:00
Pure Hockey #42,686 East Big Beaver Road,Troy,MI,48083,248-528-2003,troy1@purehockey.com,42.562650144225,-83.133937852922,America/Detroit,10.00,15,2,yes,,11:00,19:00,11:00,19:00,11:00,19:00,11:00,19:00,11:00,19:00,09:00,18:00,10:00,17:00
Pure Hockey #44,1600 Woodbury Ave,Portsmouth,NH,0 3801,603-740-9804,portsmouth@purehockey.com,43.08909542294,-70.790913191448,America/New_York,10.00,15,2,yes,,11:00,19:00,11:00,19:00,11:00,19:00,11:00,19:00,11:00,19:00,09:00,18:00,10:00,17:00
Pure Hockey #45,"375 Amherst St Somerset Plaza, Unit 2",Nashua,NH,0 3063,603-598-9008,nashua@purehockey.com,42.784555981751,-71.50767602784,America/New_York,10.00,15,2,yes,,11:00,19:00,11:00,19:00,11:00,19:00,11:00,19:00,11:00,19:00,09:00,18:00,10:00,17:00
Pure Hockey #48,44 Commerce Rd,Stamford,CT,0 6902,203-956-0387,stamford@purehockey.com,41.046903556783,-73.561398396066,America/New_York,10.00,15,2,yes,,11:00,19:00,11:00,19:00,11:00,19:00,11:00,19:00,11:00,19:00,09:00,18:00,10:00,17:00
Pure Hockey #49,310 Main St,New Rochelle,NY,10801,914-278-9210,newrochelle@purehockey.com,40.912859660493,-73.775051814351,America/New_York,10.00,15,2,yes,,11:00,19:00,11:00,19:00,11:00,19:00,11:00,19:00,11:00,19:00,09:00,18:00,10:00,17:00
Pure Hockey #53,5833 Suemandy Drive,Saint Peters,MO,63376,636-397-6370,saintpeters@purehockey.com,38.796250025933,-90.622149331411,America/Chicago,10.00,15,2,yes,,11:00,19:00,11:00,19:00,11:00,19:00,11:00,19:00,11:00,19:00,09:00,18:00,10:00,17:00
Pure Hockey #54,254 THF Blvd.,Chesterfield,MO,63005,636-537-4882,chesterfield@purehockey.com,38.66733770466,-90.602341958608,America/Chicago,10.00,15,2,yes,,11:00,19:00,11:00,19:00,11:00,19:00,11:00,19:00,11:00,19:00,09:00,18:00,10:00,17:00
Pure Hockey #55,1237 S. Kirkwood Road,Kirkwood,MO,63122,314-835-9131,kirkwood@purehockey.com,38.562330901227,-90.406964349226,America/Chicago,10.00,15,2,yes,,11:00,19:00,11:00,19:00,11:00,19:00,11:00,19:00,11:00,19:00,09:00,18:00,10:00,17:00
Pure Hockey #61,1230 West 75th Street,Downers Grove,IL,60516,630-322-9850,downersgrove@purehockey.com,41.751018228162,-88.022492298078,America/Chicago,10.00,15,2,yes,,11:00,19:00,11:00,19:00,11:00,19:00,11:00,19:00,11:00,19:00,09:00,18:00,10:00,17:00
Pure Hockey #62,170 Barrington Rd,Schaumburg,IL,60194,847-798-9820,schaumburg@purehockey.com,42.025322964116,-88.14475448907,America/Chicago,10.00,15,2,yes,,11:00,19:00,11:00,19:00,11:00,19:00,11:00,19:00,11:00,19:00,09:00,18:00,10:00,17:00
Pure Hockey #64,2751 Pfingsten Rd,Glenview,IL,60026,847-272-8930,glenview@purehockey.com,42.104760404405,-87.848962012661,America/Chicago,10.00,15,2,yes,,11:00,19:00,11:00,19:00,11:00,19:00,11:00,19:00,11:00,19:00,09:00,18:00,10:00,17:00
Pure Hockey #65,167 South Route 83,Elmhurst,IL,60126,630-279-7221,elmhurst@purehockey.com,41.902777526119,-87.96471632039,America/Chicago,10.00,15,2,yes,,11:00,19:00,11:00,19:00,11:00,19:00,11:00,19:00,11:00,19:00,09:00,18:00,10:00,17:00
Pure Hockey #67,231 Glen Cove Rd,Carle Place,NY,11514,516-742-0471,carleplace@purehockey.com,40.748701635143,-73.617748239756,America/New_York,10.00,15,2,yes,,11:00,19:00,11:00,19:00,11:00,19:00,11:00,19:00,11:00,19:00,09:00,18:00,10:00,17:00
Pure Hockey #68,343 Route 46 West,Fairfield,NJ,0 7004,973-287-6720,fairfield@purehockey.com,40.879895969508,-74.295469175468,America/New_York,10.00,15,2,yes,,11:00,19:00,11:00,19:00,11:00,19:00,11:00,19:00,11:00,19:00,09:00,18:00,10:00,17:00
Pure Hockey #69,"3540 McKinley Pkwy, Unit 8A",Hamburg,NY,14219,716-989-0881,buffalo@purehockey.com,42.788405391939,-78.811189889633,America/New_York,10.00,15,2,yes,,11:00,19:00,11:00,19:00,11:00,19:00,11:00,19:00,11:00,19:00,09:00,18:00,10:00,17:00
Pure Hockey #70,3265 Sheridan Drive,Amherst,NY,14226,716-551-0594,amherst@purehockey.com,42.980077034173,-78.812506128528,America/New_York,10.00,15,2,yes,,11:00,19:00,11:00,19:00,11:00,19:00,11:00,19:00,11:00,19:00,09:00,18:00,10:00,17:00
Pure Hockey #71,1845 E. County Rd. D,Maplewood,MN,55109,651-777-7410,maplewood@purehockey.com,45.035843391265,-93.023974144808,America/Chicago,10.00,15,2,yes,,11:00,19:00,11:00,19:00,11:00,19:00,11:00,19:00,11:00,19:00,09:00,18:00,10:00,17:00
Pure Hockey #72,14200 Wayzata Boulevard Suite Q,Minnetonka,MN,55305,763-208-3494,minnetonka@purehockey.com,44.972543207399,-93.458275423508,America/Chicago,10.00,15,2,yes,,11:00,19:00,11:00,19:00,11:00,19:00,11:00,19:00,11:00,19:00,09:00,18:00,10:00,17:00
Pure Hockey #73,"14150 Nicollet Ave South, Suite 18",Burnsville,MN,55337,952-303-3594,burnsville@purehockey.com,44.746185939861,-93.278395825591,America/Chicago,10.00,15,2,yes,,11:00,19:00,11:00,19:00,11:00,19:00,11:00,19:00,11:00,19:00,09:00,18:00,10:00,17:00
Pure Hockey #74,4210 West 78th Street,Edina,MN,55435,952-831-0021,edina@purehockey.com,44.859065753844,-93.331528467698,America/Chicago,10.00,15,2,yes,,11:00,19:00,11:00,19:00,11:00,19:00,11:00,19:00,11:00,19:00,09:00,18:00,10:00,17:00
Pure Hockey #75,1000 Hylan Drive,Rochester,NY,14623,585-978-7352,rochester@purehockey.com,43.081191149283,-77.629549963683,America/New_York,10.00,15,2,yes,,11:00,19:00,11:00,19:00,11:00,19:00,11:00,19:00,11:00,19:00,09:00,18:00,10:00,17:00
Pure Hockey #77,1464 Riverdale St.,West Springfield,MA,0 1089,413-455-1800,springfield@purehockey.com,42.143588644855,-72.628482046733,America/New_York,10.00,15,2,yes,,11:00,19:00,11:00,19:00,11:00,19:00,11:00,19:00,11:00,19:00,09:00,18:00,10:00,17:00
Pure Hockey #78,"54 Crossing Blvd., Suite #13",Clifton Park,NY,12065,518-621-4775,CliftonPark@purehockey.com,42.858117448809,-73.770332750401,America/New_York,10.00,15,2,yes,,11:00,19:00,11:00,19:00,11:00,19:00,11:00,19:00,11:00,19:00,09:00,18:00,10:00,17:00
Pure Hockey #79,"2100 Route 38, Suite 6",Cherry Hill,NJ,0 8002,856-324-6617,cherryhill@purehockey.com,39.939617090988,-75.01814433636,America/New_York,10.00,15,2,yes,,11:00,19:00,11:00,19:00,11:00,19:00,11:00,19:00,11:00,19:00,09:00,18:00,10:00,17:00
Pure Hockey #82,"20267 Route 19, Suite 2",Cranberry Township,PA,16066,724-776-7500,cranberry@purehockey.com,40.689232547838,-80.102620195697,America/New_York,10.00,15,2,yes,,11:00,19:00,11:00,19:00,11:00,19:00,11:00,19:00,11:00,19:00,09:00,18:00,10:00,17:00
Pure Hockey #85,2355 West Broadway,Monona,WI,53713,608-709-0040,monona@purehockey.com,43.047040040917,-89.351316667838,America/Chicago,10.00,15,2,yes,,11:00,19:00,11:00,19:00,11:00,19:00,11:00,19:00,11:00,19:00,09:00,18:00,10:00,17:00
Pure Hockey #88,5993 South State Street,Murray,UT,84107,801-281-2800,murray@purehockey.com,40.640453977605,-111.888951917152,America/Denver,10.00,15,2,yes,,11:00,19:00,11:00,19:00,11:00,19:00,11:00,19:00,11:00,19:00,09:00,18:00,10:00,17:00
Pure Hockey #90,1290 Tully Road Suite 50,San Jose,CA,95122,408-550-7087,sanjose@purehockey.com,37.315640058735,-121.835704401651,America/Los_Angeles,10.00,15,2,yes,,11:00,19:00,11:00,19:00,11:00,19:00,11:00,19:00,11:00,19:00,09:00,18:00,10:00,17:00
Pure Hockey #91,815 Rockville Pike,Rockville,MD,20852,301-444-4800,rockville@purehockey.com,39.076618836144,-77.138992878216,America/New_York,10.00,15,2,yes,,11:00,19:00,11:00,19:00,11:00,19:00,11:00,19:00,11:00,19:00,09:00,18:00,10:00,17:00
Pure Hockey #92,"21031 Triple Seven Rd, Suite 100",Sterling,VA,20165,571-434-7404,sterling@purehockey.com,39.035400985685,-77.407035466146,America/New_York,10.00,15,2,yes,,11:00,19:00,11:00,19:00,11:00,19:00,11:00,19:00,11:00,19:00,09:00,18:00,10:00,17:00
Pure Hockey #93,517 East Katella Ave,Anaheim,CA,92805,714-300-0708,anaheim@purehockey.com,33.803396278756,-117.90034969253,America/Los_Angeles,10.00,15,2,yes,,11:00,19:00,11:00,19:00,11:00,19:00,11:00,19:00,11:00,19:00,09:00,18:00,10:00,17:00
Pure Hockey #94,8700 Preston Road #103,Plano,TX,75024,972-704-1080,plano@purehockey.com,33.096224132559,-96.779738534876,America/Chicago,10.00,15,2,yes,,11:00,19:00,11:00,19:00,11:00,19:00,11:00,19:00,11:00,19:00,09:00,18:00,10:00,17:00
Pure Hockey #98,"10130 Davenport St NE, Suite 200",Blaine,MN,55449,763-780-1204,blaine@purehockey.com,45.154282473884,-93.230111048059,America/Chicago,10.00,15,2,yes,,11:00,19:00,11:00,19:00,11:00,19:00,11:00,19:00,11:00,19:00,09:00,18:00,10:00,17:00
